brand,avg_emissions_tco2e
H&M,65187.2959
Zara,60879.63080808081
Forever 21,60708.5898
Uniqlo,58452.4206
Shein,53939.293399999995
