brand,carbon_emissions_tco2e,sustainability_score,ethical_rating,transparency_index,efficiency_tco2e_per_gdp_musd
Zara,60879.63080808081,48.323221777661175,2.5017920948299737,49.96766661929541,20.24224194807836
Forever 21,60708.5898,49.93307762626263,2.5149046536796535,51.00826865440116,20.665414157930158
H&M,65187.2959,50.77677163114663,2.512436604229104,49.22188026390277,20.726577105748497
Uniqlo,58452.4206,48.44077698246198,2.586422965090465,48.60476776362526,21.475760337324754
Shein,53939.293399999995,51.77505563492063,2.472750357142857,48.78824916666667,24.194738501447983
