brand,avg_efficiency_tco2e_per_gdp_musd
Zara,20.24224194807836
Forever 21,20.665414157930158
H&M,20.726577105748497
Uniqlo,21.475760337324754
Shein,24.194738501447983
